Match Date,Kickoff Time,Home Team,Away Team,Full Time Home Goals,Full Time Away Goals,Full Time Result,Bet365 Home Win Odds,Bet365 Draw Odds,Bet365 Away Win Odds,William Hill Home Win Odds,William Hill Draw Odds,William Hill Away Win Odds,VC Bet Home Win Odds,VC Bet Draw Odds,VC Bet Away Win Odds,Maximum Home Win Odds,Maximum Draw Odds,Maximum Away Win Odds,Average Home Win Odds
11/08/2023,20:00,Burnley,Man City,0,3,A,8.0,5.5,1.33,8.0,5.0,1.25,9.5,5.25,1.33,9.5,5.68,1.39,9.02
12/08/2023,12:30,Arsenal,Nott'm Forest,2,1,H,1.18,7.0,15.0,1.12,6.5,12.0,1.14,7.5,17.0,1.21,8.5,17.5,1.18
12/08/2023,15:00,Bournemouth,West Ham,1,1,D,2.7,3.4,2.55,2.62,3.2,2.3,2.63,3.3,2.63,2.8,3.62,2.75,2.69
12/08/2023,15:00,Brighton,Luton,4,1,H,1.33,5.5,9.0,1.25,4.6,8.5,1.29,5.25,10.0,1.36,6.0,10.5,1.33
12/08/2023,15:00,Everton,Fulham,0,1,A,2.2,3.4,3.3,2.1,3.2,3.0,2.2,3.3,3.25,2.3,3.57,3.45,2.24
12/08/2023,15:00,Sheffield United,Crystal Palace,0,1,A,3.0,3.3,2.38,2.75,3.1,2.3,3.1,3.1,2.38,3.31,3.42,2.48,3.12
12/08/2023,17:30,Newcastle,Aston Villa,5,1,H,1.75,3.75,4.6,1.67,3.5,4.2,1.73,3.7,4.6,1.8,4.1,4.9,1.76
13/08/2023,14:00,Brentford,Tottenham,2,2,D,2.75,3.4,2.45,2.5,3.4,2.3,2.7,3.5,2.45,2.85,3.83,2.6,2.73
13/08/2023,16:30,Chelsea,Liverpool,1,1,D,2.9,3.4,2.38,2.75,3.25,2.2,2.88,3.5,2.3,3.05,3.82,2.48,2.87
14/08/2023,20:00,Man United,Wolves,1,0,H,1.33,5.5,9.0,1.22,4.8,9.0,1.29,5.25,10.5,1.34,6.0,11.0,1.31
18/08/2023,19:45,Nott'm Forest,Sheffield United,2,1,H,1.95,3.4,4.0,1.8,3.2,3.9,1.93,3.3,4.33,2.0,3.6,4.5,1.95
19/08/2023,15:00,Fulham,Brentford,0,3,A,2.7,3.3,2.63,2.5,3.2,2.45,2.63,3.3,2.6,2.8,3.58,2.73,2.72
19/08/2023,15:00,Liverpool,Bournemouth,3,1,H,1.2,7.0,13.0,1.17,6.0,10.0,1.2,6.5,13.0,1.26,7.5,13.0,1.23
19/08/2023,15:00,Wolves,Brighton,1,4,A,4.0,3.8,1.85,3.5,3.4,1.83,4.1,3.6,1.83,4.25,4.0,1.97,4.0
19/08/2023,17:30,Tottenham,Man United,2,0,H,2.8,3.6,2.38,2.62,3.5,2.15,2.88,3.6,2.3,2.95,3.96,2.46,2.84
19/08/2023,20:00,Man City,Newcastle,1,0,H,1.67,4.0,5.0,1.57,3.7,4.6,1.65,3.9,5.0,1.75,4.3,5.2,1.7
20/08/2023,14:00,Aston Villa,Everton,4,0,H,1.7,4.0,4.5,1.6,3.5,4.75,1.67,3.75,5.0,1.76,4.1,5.4,1.7
20/08/2023,16:30,West Ham,Chelsea,3,1,H,3.75,3.5,2.0,3.6,3.3,1.85,3.7,3.4,2.0,3.86,3.75,2.12,3.66
21/08/2023,20:00,Crystal Palace,Arsenal,0,1,A,5.5,4.0,1.6,5.5,3.9,1.44,6.0,3.9,1.55,6.0,4.33,1.68,5.79
25/08/2023,20:00,Chelsea,Luton,3,0,H,1.29,5.5,11.0,1.2,5.5,9.0,1.25,6.0,11.0,1.33,6.5,13.0,1.29
26/08/2023,12:30,Bournemouth,Tottenham,0,2,A,3.8,3.75,1.91,3.4,3.5,1.83,3.5,3.75,1.95,3.95,4.1,2.05,3.67
26/08/2023,15:00,Arsenal,Fulham,2,2,D,1.2,7.0,13.0,1.15,6.0,11.0,1.2,6.5,12.0,1.27,7.27,15.25,1.23
26/08/2023,15:00,Brentford,Crystal Palace,1,1,D,2.15,3.4,3.5,1.95,3.2,3.4,2.1,3.2,3.6,2.2,3.54,3.75,2.14
26/08/2023,15:00,Everton,Wolves,0,1,A,2.3,3.3,3.2,2.2,3.0,3.0,2.25,3.3,3.13,2.42,3.48,3.4,2.32
26/08/2023,15:00,Man United,Nott'm Forest,3,2,H,1.3,6.0,8.0,1.25,5.0,8.0,1.29,5.5,10.0,1.34,6.2,10.0,1.31
26/08/2023,17:30,Brighton,West Ham,1,3,A,1.53,4.75,5.25,1.4,4.2,5.8,1.5,4.5,5.75,1.58,4.9,6.0,1.53
27/08/2023,14:00,Burnley,Aston Villa,1,3,A,3.4,3.4,2.15,3.2,3.25,2.0,3.4,3.4,2.1,3.46,3.7,2.22,3.36
27/08/2023,14:00,Sheffield United,Man City,1,2,A,13.0,8.0,1.17,13.0,6.5,1.12,18.0,7.0,1.15,19.5,8.6,1.21,16.67
27/08/2023,16:30,Newcastle,Liverpool,1,2,A,2.2,3.75,3.0,2.05,3.6,2.75,2.15,3.75,3.0,2.3,4.1,3.18,2.2
01/09/2023,20:00,Luton,West Ham,1,2,A,4.75,3.8,1.73,3.75,3.5,1.75,5.0,3.8,1.7,5.0,4.2,1.78,4.7
02/09/2023,12:30,Sheffield United,Everton,2,2,D,2.9,3.25,2.5,2.9,3.1,2.2,3.0,3.13,2.5,3.15,3.36,2.59,3.01
02/09/2023,15:00,Brentford,Bournemouth,2,2,D,1.73,3.8,4.75,1.55,3.75,4.75,1.7,3.8,4.75,1.77,4.3,4.94,1.72
02/09/2023,15:00,Burnley,Tottenham,2,5,A,3.6,4.0,1.85,3.4,3.4,1.85,3.9,3.75,1.85,3.99,4.2,1.93,3.83
02/09/2023,15:00,Chelsea,Nott'm Forest,0,1,A,1.4,4.5,8.5,1.3,4.33,7.5,1.36,4.8,8.5,1.43,5.35,9.0,1.38
02/09/2023,15:00,Man City,Fulham,5,1,H,1.17,8.0,15.0,1.08,7.5,15.0,1.13,8.0,20.0,1.18,9.7,22.0,1.15
02/09/2023,17:30,Brighton,Newcastle,3,1,H,2.5,3.8,2.55,2.25,3.4,2.6,2.5,3.7,2.55,2.62,4.1,2.61,2.55
03/09/2023,14:00,Crystal Palace,Wolves,3,2,H,1.91,3.3,4.33,1.85,3.2,3.6,1.91,3.3,4.2,2.01,3.62,4.5,1.95
03/09/2023,14:00,Liverpool,Aston Villa,3,0,H,1.65,4.5,4.5,1.5,4.2,4.6,1.62,4.33,4.6,1.71,4.7,4.9,1.66
03/09/2023,16:30,Arsenal,Man United,3,1,H,1.75,3.8,4.5,1.67,3.7,3.9,1.73,3.9,4.33,1.83,4.25,4.7,1.77
16/09/2023,12:30,Wolves,Liverpool,1,3,A,6.0,5.0,1.45,6.0,4.4,1.36,6.5,4.75,1.44,7.5,5.25,1.51,6.64
16/09/2023,15:00,Aston Villa,Crystal Palace,3,1,H,1.91,3.6,4.0,1.8,3.1,4.0,1.87,3.5,4.1,1.96,3.89,4.21,1.9
16/09/2023,15:00,Fulham,Luton,1,0,H,1.67,3.75,5.5,1.57,3.5,5.0,1.65,3.75,5.25,1.73,4.2,5.5,1.68
16/09/2023,15:00,Man United,Brighton,1,3,A,2.15,4.0,2.88,2.0,3.6,2.9,2.15,3.9,2.9,2.28,4.19,3.07,2.21
16/09/2023,15:00,Tottenham,Sheffield United,2,1,H,1.29,5.5,11.0,1.22,5.0,9.0,1.25,5.75,11.0,1.31,6.51,12.0,1.28
16/09/2023,15:00,West Ham,Man City,1,3,A,7.0,4.5,1.45,5.8,4.2,1.4,6.5,4.5,1.45,7.5,4.95,1.53,6.57
16/09/2023,17:30,Newcastle,Brentford,1,0,H,1.53,4.2,6.0,1.44,3.9,5.5,1.5,4.33,6.0,1.58,4.6,6.75,1.53
17/09/2023,14:00,Bournemouth,Chelsea,0,0,D,4.33,3.75,1.8,4.0,3.7,1.65,4.33,3.8,1.75,4.5,4.2,1.84,4.34
17/09/2023,16:30,Everton,Arsenal,0,1,A,6.0,4.5,1.5,5.8,4.2,1.4,6.0,4.33,1.5,6.5,4.75,1.57,6.07
18/09/2023,19:45,Nott'm Forest,Burnley,1,1,D,2.2,3.5,3.25,2.05,3.2,3.1,2.2,3.4,3.2,2.31,3.65,3.41,2.24
23/09/2023,15:00,Crystal Palace,Fulham,0,0,D,1.91,3.4,4.2,1.8,3.25,3.8,1.93,3.4,4.0,2.01,3.68,4.35,1.95
23/09/2023,15:00,Luton,Wolves,1,1,D,3.25,3.4,2.2,3.2,3.1,2.05,3.25,3.3,2.2,3.5,3.58,2.34,3.3
23/09/2023,15:00,Man City,Nott'm Forest,2,0,H,1.14,8.5,15.0,1.1,7.0,13.0,1.13,8.0,20.0,1.17,9.8,21.0,1.15
23/09/2023,17:30,Brentford,Everton,1,3,A,1.8,3.8,4.2,1.65,3.5,4.33,1.75,3.6,4.6,1.84,3.95,4.75,1.8
23/09/2023,20:00,Burnley,Man United,0,1,A,4.2,4.2,1.73,4.2,3.7,1.62,4.5,3.9,1.7,4.6,4.4,1.8,4.31
24/09/2023,14:00,Arsenal,Tottenham,2,2,D,1.67,4.33,4.33,1.65,3.8,3.9,1.65,4.1,4.6,1.76,4.6,4.75,1.7
24/09/2023,14:00,Brighton,Bournemouth,3,1,H,1.36,5.25,7.5,1.29,5.0,7.0,1.33,5.25,8.0,1.43,5.75,8.3,1.38
24/09/2023,14:00,Chelsea,Aston Villa,0,1,A,1.91,3.75,3.8,1.75,3.5,3.7,1.87,3.7,3.8,1.96,4.0,4.1,1.91
24/09/2023,14:00,Liverpool,West Ham,3,1,H,1.4,5.0,7.0,1.33,4.6,6.5,1.36,5.0,7.5,1.45,5.8,7.7,1.39
24/09/2023,16:30,Sheffield United,Newcastle,0,8,A,7.0,4.75,1.44,6.5,4.2,1.36,7.5,4.6,1.4,7.5,5.1,1.51,7.01
30/09/2023,12:30,Aston Villa,Brighton,6,1,H,2.55,3.75,2.55,2.5,3.9,2.45,2.5,3.8,2.5,2.65,4.11,2.65,2.56
30/09/2023,15:00,Bournemouth,Arsenal,0,4,A,5.5,4.5,1.53,5.8,4.5,1.5,6.0,4.33,1.5,6.0,4.9,1.58,5.77
30/09/2023,15:00,Everton,Luton,1,2,A,1.57,3.8,6.5,1.6,3.9,5.8,1.57,3.8,6.0,1.68,4.1,6.5,1.61
30/09/2023,15:00,Man United,Crystal Palace,0,1,A,1.55,4.2,5.75,1.53,4.2,5.8,1.53,4.1,6.0,1.61,4.5,6.1,1.57
30/09/2023,15:00,Newcastle,Burnley,2,0,H,1.3,5.75,9.0,1.3,5.5,9.0,1.3,5.25,9.5,1.36,5.9,10.5,1.33
30/09/2023,15:00,West Ham,Sheffield United,2,0,H,1.45,4.5,7.0,1.4,4.75,7.0,1.4,4.6,7.5,1.49,5.1,7.5,1.45
30/09/2023,15:00,Wolves,Man City,2,1,H,8.0,5.75,1.33,9.5,5.5,1.29,10.0,5.5,1.29,10.0,6.0,1.36,9.2
30/09/2023,17:30,Tottenham,Liverpool,2,1,H,2.9,4.0,2.15,2.88,4.0,2.15,2.9,3.9,2.15,3.08,4.2,2.28,2.96
01/10/2023,14:00,Nott'm Forest,Brentford,1,1,D,2.75,3.1,2.7,2.75,3.4,2.5,2.75,3.13,2.6,2.89,3.46,2.75,2.81
02/10/2023,20:00,Fulham,Chelsea,0,2,A,3.6,3.5,2.05,3.6,3.5,2.0,3.7,3.4,2.0,4.0,3.62,2.1,3.73
03/10/2023,19:30,Luton,Burnley,1,2,A,2.9,3.0,2.63,2.88,3.1,2.6,2.88,3.13,2.63,3.0,3.3,2.72,2.92
07/10/2023,12:30,Luton,Tottenham,0,1,A,6.0,4.75,1.45,6.5,4.6,1.44,6.5,4.75,1.45,7.1,5.1,1.54,6.46
07/10/2023,15:00,Burnley,Chelsea,1,4,A,4.5,3.8,1.73,4.75,3.8,1.7,4.75,3.75,1.7,4.92,4.1,1.8,4.63
07/10/2023,15:00,Everton,Bournemouth,3,0,H,1.91,3.6,3.8,1.91,3.7,3.7,1.93,3.5,3.75,2.03,3.85,3.99,1.97
07/10/2023,15:00,Fulham,Sheffield United,3,1,H,1.62,3.8,6.0,1.6,3.9,5.5,1.6,3.75,5.75,1.68,4.16,6.2,1.64
07/10/2023,15:00,Man United,Brentford,2,1,H,1.67,4.2,4.75,1.65,4.2,4.6,1.65,3.9,4.8,1.74,4.35,5.0,1.69
07/10/2023,17:30,Crystal Palace,Nott'm Forest,0,0,D,2.2,3.1,3.6,2.15,3.25,3.5,2.2,3.1,3.5,2.31,3.44,3.65,2.24
08/10/2023,14:00,Brighton,Liverpool,2,2,D,3.0,3.8,2.2,2.88,4.2,2.1,3.0,4.0,2.1,3.25,4.32,2.21,3.05
08/10/2023,14:00,West Ham,Newcastle,2,2,D,3.2,3.75,2.1,3.3,3.7,2.05,3.3,3.5,2.1,3.47,3.84,2.2,3.32
08/10/2023,14:00,Wolves,Aston Villa,1,1,D,3.5,3.4,2.1,3.3,3.6,2.1,3.3,3.5,2.1,3.5,3.77,2.21,3.4
08/10/2023,16:30,Arsenal,Man City,1,0,H,2.9,3.3,2.4,2.75,3.6,2.4,2.88,3.4,2.38,3.05,3.66,2.51,2.92
21/10/2023,12:30,Liverpool,Everton,2,0,H,1.33,5.75,7.5,1.33,5.5,8.0,1.33,5.5,8.5,1.4,6.0,8.8,1.36
21/10/2023,15:00,Bournemouth,Wolves,1,2,A,2.38,3.4,3.0,2.38,3.5,2.8,2.38,3.4,2.9,2.48,3.7,3.05,2.41
21/10/2023,15:00,Brentford,Burnley,3,0,H,1.83,3.75,4.2,1.75,3.8,4.4,1.8,3.6,4.33,1.9,3.86,4.53,1.83
21/10/2023,15:00,Man City,Brighton,2,1,H,1.4,5.25,6.5,1.4,5.5,6.5,1.36,5.25,7.0,1.46,5.7,7.3,1.41
21/10/2023,15:00,Newcastle,Crystal Palace,4,0,H,1.45,4.5,7.0,1.44,4.5,7.5,1.4,4.4,7.5,1.5,4.8,8.0,1.46
21/10/2023,15:00,Nott'm Forest,Luton,2,2,D,1.67,3.75,5.5,1.62,3.8,5.5,1.65,3.6,5.5,1.75,3.97,5.75,1.69
21/10/2023,17:30,Chelsea,Arsenal,2,2,D,3.2,3.4,2.25,3.0,3.5,2.25,3.25,3.3,2.2,3.4,3.56,2.36,3.24
21/10/2023,20:00,Sheffield United,Man United,1,2,A,6.5,5.25,1.4,7.5,5.0,1.4,7.5,4.8,1.4,7.8,5.4,1.46,7.27
22/10/2023,16:30,Aston Villa,West Ham,4,1,H,1.85,3.6,4.0,1.85,3.9,3.75,1.85,3.8,3.8,1.95,4.03,4.1,1.9
23/10/2023,20:00,Tottenham,Fulham,2,0,H,1.5,4.5,6.0,1.5,4.6,5.8,1.45,4.6,6.0,1.55,5.0,6.4,1.51
27/10/2023,20:00,Crystal Palace,Tottenham,1,2,A,4.5,3.75,1.75,4.6,3.75,1.73,4.8,3.7,1.75,5.0,3.95,1.83,4.64
28/10/2023,12:30,Chelsea,Brentford,0,2,A,1.65,4.0,5.25,1.62,4.0,5.5,1.62,3.9,5.25,1.7,4.22,5.75,1.65
28/10/2023,15:00,Arsenal,Sheffield United,5,0,H,1.13,8.5,19.0,1.1,9.0,23.0,1.1,9.0,22.0,1.14,11.0,26.0,1.13
28/10/2023,15:00,Bournemouth,Burnley,2,1,H,2.15,3.5,3.3,2.1,3.6,3.25,2.1,3.5,3.4,2.19,3.82,3.56,2.13
28/10/2023,17:30,Wolves,Newcastle,2,2,D,4.2,4.0,1.75,4.33,3.9,1.75,4.4,3.75,1.75,4.4,4.1,1.87,4.26
29/10/2023,13:00,West Ham,Everton,0,1,A,2.15,3.5,3.3,2.1,3.7,3.2,2.1,3.5,3.3,2.21,3.81,3.47,2.15
29/10/2023,14:00,Aston Villa,Luton,3,1,H,1.25,6.5,9.5,1.25,6.0,10.0,1.22,6.0,12.0,1.31,6.5,12.0,1.28
29/10/2023,14:00,Brighton,Fulham,1,1,D,1.55,4.2,5.5,1.53,4.4,5.5,1.53,4.33,5.5,1.62,4.8,5.75,1.56
29/10/2023,14:00,Liverpool,Nott'm Forest,3,0,H,1.29,5.75,11.0,1.25,6.5,10.0,1.25,6.0,11.0,1.3,6.9,11.5,1.27
29/10/2023,15:30,Man United,Man City,0,3,A,5.0,3.8,1.67,4.8,4.0,1.65,5.0,3.9,1.65,5.3,4.22,1.74,4.99
04/11/2023,12:30,Fulham,Man United,0,1,A,3.2,3.6,2.2,3.2,3.5,2.1,3.25,3.5,2.2,3.5,3.75,2.26,3.24
04/11/2023,15:00,Brentford,West Ham,3,2,H,2.05,3.6,3.5,2.0,3.7,3.3,2.05,3.5,3.4,2.12,3.85,3.61,2.08
04/11/2023,15:00,Burnley,Crystal Palace,0,2,A,2.75,3.25,2.6,2.8,3.0,2.6,2.8,3.1,2.6,2.95,3.33,2.71,2.85
04/11/2023,15:00,Everton,Brighton,1,1,D,3.1,3.6,2.2,3.0,3.8,2.1,3.1,3.6,2.15,3.17,3.98,2.25,3.09
04/11/2023,15:00,Man City,Bournemouth,6,1,H,1.1,11.0,19.0,1.06,10.0,26.0,1.07,10.5,29.0,1.11,14.0,34.0,1.1
04/11/2023,15:00,Sheffield United,Wolves,2,1,H,3.8,3.5,2.0,3.6,3.6,1.91,3.9,3.5,1.93,4.1,3.79,2.01,3.83
04/11/2023,17:30,Newcastle,Arsenal,1,0,H,2.8,3.2,2.6,2.7,3.4,2.45,2.75,3.3,2.5,2.89,3.5,2.65,2.82
05/11/2023,14:00,Nott'm Forest,Aston Villa,2,0,H,4.2,3.75,1.85,3.9,3.8,1.8,4.1,3.6,1.83,4.3,3.9,1.93,4.09
05/11/2023,16:30,Luton,Liverpool,1,1,D,12.0,6.5,1.22,11.0,6.5,1.2,12.0,6.5,1.2,12.5,7.3,1.26,11.46
06/11/2023,20:00,Tottenham,Chelsea,1,4,A,2.0,3.75,3.5,2.1,3.7,3.0,2.1,3.5,3.3,2.21,3.92,3.5,2.13
11/11/2023,12:30,Wolves,Tottenham,2,1,H,3.1,3.75,2.2,3.0,3.7,2.1,3.1,3.6,2.15,3.41,3.89,2.28,3.13
11/11/2023,15:00,Arsenal,Burnley,3,1,H,1.18,7.0,17.0,1.15,7.0,15.0,1.17,7.0,15.0,1.22,8.1,17.0,1.19
11/11/2023,15:00,Crystal Palace,Everton,2,3,A,2.45,3.2,3.0,2.38,3.2,2.9,2.38,3.1,3.1,2.5,3.3,3.27,2.44
11/11/2023,15:00,Man United,Luton,1,0,H,1.33,5.25,9.5,1.3,5.5,9.0,1.3,5.25,9.5,1.38,6.2,10.0,1.33
11/11/2023,17:30,Bournemouth,Newcastle,2,0,H,4.75,4.0,1.73,4.5,4.0,1.65,4.6,3.8,1.7,5.0,4.2,1.78,4.67
12/11/2023,14:00,Aston Villa,Fulham,3,1,H,1.57,4.2,5.5,1.53,4.2,5.5,1.55,4.1,5.75,1.63,4.5,5.9,1.59
12/11/2023,14:00,Brighton,Sheffield United,1,1,D,1.25,5.75,13.0,1.2,6.5,12.0,1.2,6.5,13.0,1.26,7.4,13.0,1.24
12/11/2023,14:00,Liverpool,Brentford,3,0,H,1.4,5.0,6.5,1.36,5.0,7.0,1.4,4.8,7.0,1.45,5.5,7.6,1.42
12/11/2023,14:00,West Ham,Nott'm Forest,3,2,H,1.85,3.6,4.0,1.83,3.7,3.8,1.85,3.6,4.1,1.93,3.92,4.5,1.89
12/11/2023,16:30,Chelsea,Man City,4,4,D,5.0,3.7,1.73,4.8,3.7,1.67,4.8,3.75,1.7,5.4,3.98,1.78,4.93
25/11/2023,12:30,Man City,Liverpool,1,1,D,1.73,4.2,4.2,1.65,4.33,4.2,1.7,4.0,4.4,1.8,4.5,4.51,1.75
25/11/2023,15:00,Burnley,West Ham,1,2,A,3.4,3.5,2.05,3.25,3.7,2.0,3.4,3.5,2.05,3.63,3.79,2.17,3.47
25/11/2023,15:00,Luton,Crystal Palace,2,1,H,3.6,3.3,2.1,3.4,3.4,2.05,3.6,3.2,2.1,3.8,3.54,2.17,3.63
25/11/2023,15:00,Newcastle,Chelsea,4,1,H,2.55,3.5,2.63,2.45,3.5,2.6,2.55,3.4,2.63,2.72,3.66,2.76,2.62
25/11/2023,15:00,Nott'm Forest,Brighton,2,3,A,3.2,3.6,2.15,3.0,3.6,2.15,3.2,3.5,2.15,3.4,3.8,2.25,3.22
25/11/2023,15:00,Sheffield United,Bournemouth,1,3,A,3.2,3.5,2.2,3.1,3.6,2.1,3.25,3.4,2.15,3.47,3.72,2.25,3.29
25/11/2023,17:30,Brentford,Arsenal,0,1,A,4.5,3.75,1.75,4.33,3.75,1.73,4.75,3.6,1.73,5.0,4.01,1.8,4.64
26/11/2023,14:00,Tottenham,Aston Villa,1,2,A,2.3,3.8,2.8,2.25,3.9,2.7,2.3,3.7,2.8,2.42,4.01,2.9,2.35
26/11/2023,16:30,Everton,Man United,0,3,A,2.7,3.4,2.55,2.7,3.6,2.38,2.7,3.4,2.5,2.8,3.7,2.65,2.74
27/11/2023,20:00,Fulham,Wolves,3,2,H,2.38,3.3,3.0,2.3,3.4,2.9,2.38,3.2,3.0,2.51,3.48,3.1,2.43
02/12/2023,15:00,Arsenal,Wolves,2,1,H,1.25,5.5,12.0,1.22,5.8,12.0,1.25,5.75,12.0,1.3,6.5,12.6,1.27
02/12/2023,15:00,Brentford,Luton,3,1,H,1.45,4.5,6.5,1.44,4.4,6.5,1.44,4.33,7.0,1.51,4.9,7.5,1.48
02/12/2023,15:00,Burnley,Sheffield United,5,0,H,1.8,3.6,4.5,1.8,3.6,4.2,1.8,3.5,4.5,1.89,3.82,5.0,1.83
02/12/2023,17:30,Nott'm Forest,Everton,0,1,A,2.75,3.25,2.6,2.62,3.4,2.5,2.8,3.2,2.55,2.9,3.5,2.67,2.8
02/12/2023,20:00,Newcastle,Man United,1,0,H,1.91,3.75,3.8,1.85,3.8,3.7,1.9,3.6,3.8,2.0,4.01,4.05,1.94
03/12/2023,14:00,Bournemouth,Aston Villa,2,2,D,3.4,4.0,1.95,3.3,4.0,1.91,3.5,3.8,1.95,3.57,4.19,2.07,3.45
03/12/2023,14:00,Chelsea,Brighton,3,2,H,1.73,4.2,4.2,1.67,4.2,4.2,1.7,4.0,4.4,1.78,4.37,4.6,1.75
03/12/2023,14:00,Liverpool,Fulham,4,3,H,1.25,6.5,9.0,1.22,6.5,10.0,1.22,6.5,11.5,1.29,7.2,11.5,1.26
03/12/2023,14:00,West Ham,Crystal Palace,1,1,D,2.0,3.5,3.8,1.95,3.5,3.6,1.95,3.4,3.8,2.06,3.68,4.0,2.02
03/12/2023,16:30,Man City,Tottenham,3,3,D,1.29,6.0,9.0,1.25,6.0,9.0,1.25,6.0,9.5,1.34,6.5,10.5,1.3
05/12/2023,19:30,Wolves,Burnley,1,0,H,1.85,3.6,4.2,1.83,3.6,4.0,1.87,3.5,4.33,1.95,3.8,4.7,1.89
05/12/2023,20:15,Luton,Arsenal,3,4,A,17.0,7.0,1.18,15.0,6.5,1.17,17.0,6.5,1.2,17.0,7.2,1.25,14.98
06/12/2023,19:30,Brighton,Brentford,2,1,H,1.91,3.8,3.75,1.85,3.9,3.6,1.9,3.7,3.75,1.98,4.1,4.0,1.93
06/12/2023,19:30,Crystal Palace,Bournemouth,0,2,A,2.25,3.5,3.1,2.1,3.4,3.25,2.25,3.3,3.2,2.36,3.58,3.6,2.27
06/12/2023,19:30,Fulham,Nott'm Forest,5,0,H,2.0,3.4,3.75,1.91,3.6,3.6,2.0,3.3,3.8,2.14,3.64,3.95,2.05
06/12/2023,19:30,Sheffield United,Liverpool,0,2,A,12.0,7.5,1.2,13.0,7.5,1.15,15.0,7.5,1.15,15.0,8.4,1.29,13.54
06/12/2023,20:15,Aston Villa,Man City,1,0,H,4.75,4.2,1.7,4.2,4.2,1.67,4.4,4.0,1.7,4.9,4.45,1.78,4.45
06/12/2023,20:15,Man United,Chelsea,2,1,H,2.88,3.4,2.45,2.75,3.6,2.3,2.8,3.5,2.38,2.93,3.8,2.63,2.82
07/12/2023,19:30,Everton,Newcastle,3,0,H,3.25,3.25,2.25,3.0,3.5,2.2,3.13,3.3,2.25,3.3,3.6,2.5,3.13
07/12/2023,20:15,Tottenham,West Ham,1,2,A,1.75,4.2,4.2,1.75,4.2,3.8,1.75,4.0,4.1,1.85,4.5,4.25,1.79
09/12/2023,12:30,Crystal Palace,Liverpool,1,2,A,6.0,4.5,1.5,6.0,4.5,1.44,6.5,4.33,1.45,6.6,4.75,1.63,6.12
09/12/2023,15:00,Brighton,Burnley,1,1,D,1.5,4.75,6.0,1.44,4.6,6.0,1.44,4.4,6.5,1.55,4.9,6.5,1.5
09/12/2023,15:00,Man United,Bournemouth,0,3,A,1.55,4.33,5.75,1.5,4.6,5.5,1.5,4.33,5.5,1.59,4.9,6.0,1.55
09/12/2023,15:00,Sheffield United,Brentford,1,0,H,4.2,3.8,1.75,4.6,3.7,1.7,4.5,3.6,1.75,4.7,3.95,1.85,4.48
09/12/2023,15:00,Wolves,Nott'm Forest,1,1,D,1.85,3.6,4.33,1.75,3.7,4.2,1.83,3.4,4.2,1.91,3.82,4.6,1.87
09/12/2023,17:30,Aston Villa,Arsenal,1,0,H,3.3,3.6,2.1,3.2,3.75,2.0,3.3,3.5,2.05,3.55,3.84,2.17,3.41
10/12/2023,14:00,Everton,Chelsea,2,0,H,3.1,3.5,2.25,2.88,3.7,2.2,3.0,3.4,2.25,3.15,3.75,2.41,3.02
10/12/2023,14:00,Fulham,West Ham,5,0,H,2.38,3.5,2.9,2.3,3.6,2.75,2.3,3.4,2.9,2.49,3.66,3.12,2.39
10/12/2023,14:00,Luton,Man City,1,2,A,17.0,8.0,1.14,19.0,8.0,1.11,19.0,8.0,1.11,22.0,11.0,1.17,18.02
10/12/2023,16:30,Tottenham,Newcastle,4,1,H,2.15,3.8,3.1,2.15,3.8,2.88,2.15,3.6,3.0,2.3,3.99,3.22,2.2
15/12/2023,20:00,Nott'm Forest,Tottenham,0,2,A,4.2,4.2,1.73,4.4,4.0,1.67,4.6,4.0,1.73,4.88,4.3,1.78,4.52
16/12/2023,15:00,Chelsea,Sheffield United,2,0,H,1.22,6.5,13.0,1.22,6.0,12.0,1.2,6.0,13.0,1.28,7.1,13.5,1.24
16/12/2023,15:00,Man City,Crystal Palace,2,2,D,1.18,8.0,13.0,1.14,7.5,15.0,1.14,7.0,17.0,1.2,8.8,19.5,1.18
16/12/2023,15:00,Newcastle,Fulham,3,0,H,1.8,3.8,4.0,1.8,3.9,3.8,1.8,3.7,4.0,1.92,4.05,4.22,1.87
16/12/2023,17:30,Burnley,Everton,0,2,A,3.6,3.4,2.1,3.3,3.5,2.05,3.5,3.25,2.1,3.74,3.62,2.19,3.55
17/12/2023,14:00,Arsenal,Brighton,2,0,H,1.44,5.0,6.0,1.44,4.6,6.0,1.44,4.4,6.5,1.53,5.0,7.0,1.48
17/12/2023,14:00,Brentford,Aston Villa,1,2,A,3.2,3.75,2.1,3.2,3.7,2.05,3.2,3.5,2.1,3.5,3.85,2.23,3.26
17/12/2023,14:00,West Ham,Wolves,3,0,H,2.15,3.5,3.3,2.1,3.5,3.2,2.1,3.3,3.4,2.27,3.68,3.62,2.16
17/12/2023,16:30,Liverpool,Man United,0,0,D,1.3,6.0,8.0,1.25,6.0,8.5,1.29,5.75,8.5,1.42,6.55,9.5,1.32
21/12/2023,20:00,Crystal Palace,Brighton,1,1,D,3.3,3.3,2.15,3.2,3.6,2.05,3.25,3.3,2.15,3.5,3.7,2.25,3.35
22/12/2023,20:00,Aston Villa,Sheffield United,1,1,D,1.22,6.5,12.0,1.22,6.0,11.0,1.22,6.5,12.0,1.28,7.3,14.0,1.24
23/12/2023,12:30,West Ham,Man United,2,0,H,2.6,3.6,2.6,2.5,3.6,2.5,2.63,3.5,2.6,2.72,3.81,2.7,2.61
23/12/2023,15:00,Fulham,Burnley,0,2,A,1.67,3.75,5.25,1.67,3.8,4.75,1.65,3.7,5.0,1.76,4.2,5.3,1.7
23/12/2023,15:00,Luton,Newcastle,1,0,H,4.75,4.2,1.65,4.8,4.0,1.62,5.25,3.8,1.62,5.32,4.6,1.71,5.0
23/12/2023,15:00,Nott'm Forest,Bournemouth,2,3,A,2.75,3.4,2.55,2.7,3.5,2.38,2.7,3.3,2.5,2.83,3.63,2.66,2.76
23/12/2023,15:00,Tottenham,Everton,2,1,H,1.75,4.2,4.0,1.73,4.0,4.0,1.73,3.9,4.2,1.87,4.4,4.34,1.8
23/12/2023,17:30,Liverpool,Arsenal,1,1,D,2.38,3.6,2.8,2.3,3.6,2.75,2.3,3.4,2.8,2.53,3.78,3.05,2.43
24/12/2023,13:00,Wolves,Chelsea,2,1,H,3.75,3.75,1.91,3.6,3.6,1.91,3.7,3.5,1.93,3.91,3.85,2.04,3.73
26/12/2023,12:30,Newcastle,Nott'm Forest,1,3,A,1.5,4.33,5.75,1.44,4.33,6.5,1.5,4.0,6.5,1.56,4.6,7.0,1.51
26/12/2023,15:00,Bournemouth,Fulham,3,0,H,2.15,3.6,3.2,2.15,3.5,3.1,2.15,3.5,3.13,2.27,3.79,3.45,2.22
26/12/2023,15:00,Sheffield United,Luton,2,3,A,2.3,3.3,3.1,2.3,3.25,3.0,2.38,3.13,3.0,2.52,3.42,3.19,2.41
26/12/2023,17:30,Burnley,Liverpool,0,2,A,6.5,5.25,1.4,7.5,5.0,1.35,7.5,4.8,1.36,8.5,5.75,1.43,7.67
26/12/2023,20:00,Man United,Aston Villa,3,2,H,2.6,3.5,2.6,2.5,3.6,2.5,2.55,3.5,2.5,2.75,3.75,2.71,2.63
27/12/2023,19:30,Brentford,Wolves,1,4,A,1.95,3.5,4.2,1.85,3.6,3.9,1.91,3.4,3.9,2.02,3.72,4.2,1.96
27/12/2023,19:30,Chelsea,Crystal Palace,2,1,H,1.67,4.0,5.0,1.65,3.9,4.6,1.65,3.7,5.0,1.75,4.05,5.5,1.7
27/12/2023,20:15,Everton,Man City,1,3,A,5.75,4.0,1.57,5.5,4.2,1.53,5.75,4.0,1.53,6.6,4.37,1.64,5.84
28/12/2023,19:30,Brighton,Tottenham,4,2,H,2.5,3.6,2.6,2.4,3.9,2.5,2.45,3.75,2.5,2.57,4.2,2.7,2.52
28/12/2023,20:15,Arsenal,West Ham,0,2,A,1.33,5.5,7.5,1.3,5.5,8.0,1.3,5.0,9.0,1.39,5.8,9.5,1.35
30/12/2023,12:30,Luton,Chelsea,2,3,A,6.5,4.2,1.5,5.8,4.4,1.5,6.0,4.2,1.5,6.5,4.8,1.56,6.04
30/12/2023,15:00,Aston Villa,Burnley,3,2,H,1.36,5.25,7.5,1.33,5.0,8.0,1.33,4.8,8.5,1.4,5.6,8.6,1.37
30/12/2023,15:00,Crystal Palace,Brentford,3,1,H,2.2,3.3,3.4,2.15,3.4,3.2,2.15,3.2,3.4,2.31,3.5,3.65,2.23
30/12/2023,15:00,Man City,Sheffield United,2,0,H,1.08,11.0,29.0,1.04,12.0,29.0,1.06,10.5,26.0,1.1,17.0,37.0,1.08
30/12/2023,15:00,Wolves,Everton,3,0,H,2.63,3.3,2.7,2.5,3.4,2.6,2.55,3.2,2.7,2.75,3.5,2.81,2.64
30/12/2023,17:30,Nott'm Forest,Man United,2,1,H,3.2,3.6,2.15,3.1,3.6,2.1,3.25,3.5,2.1,3.41,3.85,2.21,3.27
31/12/2023,14:00,Fulham,Arsenal,2,1,H,5.25,4.5,1.55,5.5,4.2,1.53,5.75,4.0,1.53,6.2,4.5,1.62,5.74
31/12/2023,14:00,Tottenham,Bournemouth,3,1,H,1.75,4.2,4.0,1.7,4.2,4.0,1.73,4.1,4.0,1.82,4.5,4.25,1.78
01/01/2024,20:00,Liverpool,Newcastle,4,2,H,1.45,4.5,7.0,1.4,4.8,6.5,1.4,4.8,6.5,1.51,5.2,7.2,1.46
02/01/2024,19:30,West Ham,Brighton,0,0,D,2.45,3.75,2.75,2.38,3.7,2.6,2.38,3.5,2.7,2.57,3.89,2.81,2.47
12/01/2024,19:45,Burnley,Luton,1,1,D,2.0,3.6,3.6,1.91,3.6,3.6,2.0,3.5,3.8,2.09,3.75,3.9,2.03
13/01/2024,12:30,Chelsea,Fulham,1,0,H,1.6,4.2,5.25,1.6,4.2,4.75,1.6,4.2,5.25,1.69,4.4,5.5,1.64
13/01/2024,17:30,Newcastle,Man City,2,3,A,5.5,4.33,1.55,5.5,4.33,1.53,5.5,4.1,1.53,5.75,4.63,1.6,5.5
14/01/2024,14:00,Everton,Aston Villa,0,0,D,2.8,3.5,2.45,2.7,3.6,2.38,2.75,3.4,2.4,2.9,3.79,2.5,2.79
14/01/2024,16:30,Man United,Tottenham,2,2,D,2.2,3.75,3.0,2.15,3.9,2.88,2.15,3.75,2.9,2.26,4.1,3.08,2.2
20/01/2024,12:30,Arsenal,Crystal Palace,5,0,H,1.3,5.75,9.0,1.25,5.5,11.0,1.25,5.75,13.0,1.31,6.2,13.0,1.29
20/01/2024,17:30,Brentford,Nott'm Forest,3,2,H,1.91,3.6,4.0,1.85,3.7,3.75,1.83,3.5,4.1,1.94,3.93,4.36,1.9
21/01/2024,14:00,Sheffield United,West Ham,2,2,D,3.4,3.3,2.2,3.3,3.5,2.05,3.4,3.25,2.1,3.52,3.53,2.23,3.43
21/01/2024,16:30,Bournemouth,Liverpool,0,4,A,4.2,4.5,1.7,4.2,4.2,1.67,4.4,4.0,1.67,4.5,4.5,1.77,4.38
22/01/2024,19:45,Brighton,Wolves,0,0,D,1.65,4.33,5.0,1.57,4.2,5.0,1.6,4.0,5.0,1.68,4.5,5.25,1.65
30/01/2024,19:30,Nott'm Forest,Arsenal,1,2,A,7.5,5.0,1.4,8.0,4.8,1.35,8.5,5.0,1.36,8.6,5.3,1.43,8.12
30/01/2024,19:45,Fulham,Everton,0,0,D,2.45,3.2,3.0,2.3,3.4,2.9,2.4,3.3,3.0,2.55,3.45,3.12,2.45
30/01/2024,19:45,Luton,Brighton,4,0,H,4.2,4.2,1.75,4.0,4.0,1.73,4.5,3.9,1.75,4.53,4.2,1.82,4.34
30/01/2024,20:00,Crystal Palace,Sheffield United,3,2,H,1.62,3.6,6.5,1.6,3.75,5.5,1.62,3.8,6.0,1.68,3.99,6.5,1.64
30/01/2024,20:15,Aston Villa,Newcastle,1,3,A,1.85,4.0,3.8,1.83,3.9,3.6,1.83,4.0,3.9,1.91,4.3,4.1,1.86
31/01/2024,19:30,Man City,Burnley,3,1,H,1.08,12.0,21.0,1.06,11.0,23.0,1.07,10.0,26.0,1.12,13.0,34.0,1.1
31/01/2024,19:30,Tottenham,Brentford,3,2,H,1.67,4.2,4.75,1.6,4.33,4.5,1.62,4.1,4.6,1.74,4.5,5.25,1.67
31/01/2024,20:15,Liverpool,Chelsea,4,1,H,1.57,4.33,5.25,1.53,4.6,4.8,1.53,4.33,5.25,1.62,4.87,5.5,1.58
01/02/2024,19:30,West Ham,Bournemouth,1,1,D,2.4,3.75,2.75,2.38,3.7,2.6,2.38,3.5,2.7,2.5,3.85,2.85,2.43
01/02/2024,20:15,Wolves,Man United,3,4,A,2.63,3.6,2.55,2.62,3.6,2.38,2.6,3.4,2.5,2.75,3.72,2.67,2.7
03/02/2024,12:30,Everton,Tottenham,2,2,D,3.0,3.6,2.25,2.75,3.7,2.25,3.0,3.6,2.3,3.05,3.89,2.38,2.94
03/02/2024,15:00,Brighton,Crystal Palace,4,1,H,1.7,4.0,4.75,1.6,4.0,5.0,1.67,3.8,4.75,1.75,4.25,5.0,1.7
03/02/2024,15:00,Burnley,Fulham,2,2,D,2.9,3.4,2.38,2.88,3.5,2.25,2.9,3.25,2.38,3.0,3.6,2.5,2.94
03/02/2024,15:00,Newcastle,Luton,4,4,D,1.44,4.75,6.5,1.4,4.8,6.5,1.4,4.6,7.0,1.47,5.2,7.5,1.43
03/02/2024,17:30,Sheffield United,Aston Villa,0,5,A,5.25,4.2,1.62,5.0,4.2,1.57,5.25,4.0,1.6,5.4,4.42,1.69,5.1
04/02/2024,14:00,Bournemouth,Nott'm Forest,1,1,D,1.7,4.2,4.5,1.65,4.0,4.5,1.65,3.9,4.75,1.75,4.3,5.0,1.7
04/02/2024,14:00,Chelsea,Wolves,2,4,A,1.62,4.0,5.5,1.57,4.2,5.0,1.57,4.0,5.25,1.66,4.4,5.6,1.63
04/02/2024,14:00,Man United,West Ham,3,0,H,1.62,4.2,5.0,1.62,4.0,4.75,1.62,4.0,4.8,1.72,4.4,5.25,1.66
04/02/2024,16:30,Arsenal,Liverpool,3,1,H,2.2,3.6,3.1,2.15,3.75,2.9,2.15,3.5,3.1,2.32,3.8,3.24,2.25
05/02/2024,20:00,Brentford,Man City,1,3,A,7.0,4.75,1.4,7.0,5.0,1.36,7.5,4.8,1.36,7.8,5.2,1.46,7.17
10/02/2024,12:30,Man City,Everton,2,0,H,1.18,8.0,13.0,1.18,7.0,12.0,1.18,6.5,13.0,1.24,8.3,16.0,1.2
10/02/2024,15:00,Fulham,Bournemouth,3,1,H,2.38,3.5,2.8,2.25,3.6,2.8,2.38,3.4,2.8,2.47,3.74,3.05,2.4
10/02/2024,15:00,Liverpool,Burnley,3,1,H,1.17,8.0,17.0,1.14,8.0,15.0,1.13,8.0,15.0,1.18,9.5,18.5,1.16
10/02/2024,15:00,Luton,Sheffield United,1,3,A,1.75,3.75,4.75,1.7,3.9,4.4,1.73,3.6,4.6,1.83,4.02,4.75,1.77
10/02/2024,15:00,Tottenham,Brighton,2,1,H,1.8,4.2,3.8,1.8,4.2,3.6,1.75,4.0,3.9,1.85,4.5,4.01,1.82
10/02/2024,15:00,Wolves,Brentford,0,2,A,2.1,3.6,3.4,2.0,3.6,3.4,2.05,3.5,3.3,2.17,3.84,3.7,2.12
10/02/2024,17:30,Nott'm Forest,Newcastle,2,3,A,3.3,3.75,2.05,3.2,3.7,2.05,3.3,3.5,2.05,3.41,3.84,2.19,3.3
11/02/2024,14:00,West Ham,Arsenal,0,6,A,6.0,4.33,1.53,5.5,4.33,1.5,6.0,4.1,1.5,6.4,4.6,1.59,5.81
11/02/2024,16:30,Aston Villa,Man United,1,2,A,2.15,3.75,3.1,2.1,3.8,3.0,2.1,3.6,3.1,2.22,4.01,3.25,2.17
12/02/2024,20:00,Crystal Palace,Chelsea,1,3,A,4.2,3.8,1.85,3.9,3.7,1.83,4.2,3.6,1.8,4.5,3.94,1.88,4.2
17/02/2024,12:30,Brentford,Liverpool,1,4,A,5.5,4.33,1.57,5.5,4.33,1.5,5.25,4.2,1.55,5.5,4.75,1.64,5.24
17/02/2024,15:00,Burnley,Arsenal,0,5,A,10.0,5.75,1.29,10.0,5.5,1.29,10.5,5.25,1.25,11.0,6.1,1.34,9.94
17/02/2024,15:00,Fulham,Aston Villa,1,2,A,2.9,3.75,2.2,2.88,3.7,2.2,2.9,3.6,2.2,3.08,3.9,2.35,2.94
17/02/2024,15:00,Newcastle,Bournemouth,2,2,D,1.83,4.2,3.75,1.75,4.2,3.7,1.8,3.9,3.75,1.9,4.27,4.01,1.85
17/02/2024,15:00,Nott'm Forest,West Ham,2,0,H,2.38,3.5,2.9,2.3,3.5,2.8,2.38,3.3,2.88,2.5,3.64,3.02,2.43
17/02/2024,15:00,Tottenham,Wolves,1,2,A,1.53,4.75,5.25,1.5,4.6,5.5,1.5,4.4,5.5,1.58,4.9,5.6,1.55
17/02/2024,17:30,Man City,Chelsea,1,1,D,1.33,5.5,8.0,1.3,5.5,8.0,1.3,5.25,8.5,1.37,6.0,9.05,1.35
18/02/2024,14:00,Sheffield United,Brighton,0,5,A,5.0,4.2,1.62,4.5,4.2,1.62,5.0,4.0,1.6,5.15,4.5,1.68,4.92
18/02/2024,16:30,Luton,Man United,1,2,A,4.0,4.0,1.8,3.9,4.0,1.75,4.1,3.9,1.75,4.34,4.25,1.87,4.07
19/02/2024,20:00,Everton,Crystal Palace,1,1,D,1.7,3.6,5.25,1.67,3.6,5.0,1.67,3.5,5.25,1.77,3.82,5.5,1.73
20/02/2024,19:30,Man City,Brentford,1,0,H,1.18,8.0,13.0,1.15,7.0,15.0,1.15,8.0,17.0,1.19,8.9,18.0,1.18
21/02/2024,19:30,Liverpool,Luton,4,1,H,1.2,7.0,13.0,1.14,8.0,13.0,1.17,7.0,13.0,1.23,8.3,15.0,1.2
24/02/2024,15:00,Aston Villa,Nott'm Forest,4,2,H,1.53,4.5,5.75,1.44,4.6,5.8,1.53,4.2,5.5,1.6,4.7,6.1,1.55
24/02/2024,15:00,Brighton,Everton,1,1,D,1.83,3.8,4.2,1.8,3.9,3.75,1.8,3.7,4.0,1.88,4.16,4.35,1.84
24/02/2024,15:00,Crystal Palace,Burnley,3,0,H,1.95,3.5,4.0,1.91,3.5,3.75,1.95,3.25,3.9,2.06,3.6,4.1,2.01
24/02/2024,15:00,Man United,Fulham,1,2,A,1.57,4.33,5.5,1.5,4.4,5.5,1.55,4.2,5.25,1.63,4.6,5.6,1.58
24/02/2024,17:30,Bournemouth,Man City,0,1,A,7.0,5.25,1.4,6.5,5.0,1.4,7.0,4.8,1.36,7.5,5.5,1.46,6.96
24/02/2024,20:00,Arsenal,Newcastle,4,1,H,1.36,5.25,8.0,1.33,5.5,7.0,1.33,5.0,8.0,1.42,5.53,8.0,1.38
25/02/2024,13:30,Wolves,Sheffield United,1,0,H,1.44,4.75,7.0,1.44,4.6,6.0,1.4,4.4,7.0,1.5,4.9,7.5,1.46
26/02/2024,20:00,West Ham,Brentford,4,2,H,2.5,3.5,2.75,2.45,3.5,2.6,2.45,3.4,2.7,2.61,3.76,2.85,2.5
02/03/2024,15:00,Brentford,Chelsea,2,2,D,3.1,3.75,2.15,3.1,3.75,2.2,3.0,3.7,2.15,3.2,4.0,2.23,3.07
02/03/2024,15:00,Everton,West Ham,1,3,A,2.05,3.6,3.5,2.1,3.6,3.4,2.05,3.4,3.4,2.14,3.72,3.67,2.09
02/03/2024,15:00,Fulham,Brighton,3,0,H,2.55,3.6,2.63,2.62,3.7,2.62,2.5,3.5,2.55,2.65,3.85,2.71,2.59
02/03/2024,15:00,Newcastle,Wolves,3,0,H,1.91,4.0,3.6,1.87,3.9,3.75,1.85,3.75,3.75,1.94,4.1,4.04,1.9
02/03/2024,15:00,Nott'm Forest,Liverpool,0,1,A,6.0,4.33,1.53,5.5,4.6,1.53,5.5,4.4,1.5,6.1,4.85,1.58,5.63
02/03/2024,15:00,Tottenham,Crystal Palace,3,1,H,1.5,4.33,6.5,1.5,4.4,6.0,1.45,4.5,6.0,1.55,5.0,7.5,1.49
02/03/2024,17:30,Luton,Aston Villa,2,3,A,4.33,4.2,1.73,4.2,4.2,1.73,4.33,4.1,1.67,4.5,4.5,1.78,4.29
03/03/2024,13:00,Burnley,Bournemouth,0,2,A,3.75,3.6,1.95,3.6,3.8,1.91,3.7,3.6,1.9,3.89,3.93,2.02,3.72
03/03/2024,15:30,Man City,Man United,3,1,H,1.25,5.75,11.0,1.25,6.5,10.0,1.22,6.0,11.0,1.29,6.72,11.3,1.27
04/03/2024,20:00,Sheffield United,Arsenal,0,6,A,17.0,7.0,1.18,15.0,8.0,1.15,17.0,7.5,1.13,19.0,8.6,1.19,16.28
09/03/2024,12:30,Man United,Everton,2,0,H,1.83,3.6,4.0,1.85,3.9,3.8,1.83,3.8,4.1,1.94,4.05,4.4,1.85
09/03/2024,15:00,Bournemouth,Sheffield United,2,2,D,1.33,5.25,8.0,1.33,5.5,8.5,1.3,5.25,9.0,1.38,5.8,9.4,1.34
09/03/2024,15:00,Crystal Palace,Luton,1,1,D,1.75,3.8,4.2,1.73,3.9,4.4,1.73,3.7,4.5,1.83,4.02,4.7,1.78
09/03/2024,15:00,Wolves,Fulham,2,1,H,2.5,3.4,2.75,2.6,3.3,2.7,2.45,3.3,2.75,2.63,3.62,2.92,2.54
09/03/2024,17:30,Arsenal,Brentford,2,1,H,1.22,7.0,11.0,1.2,7.0,12.0,1.2,6.5,12.0,1.27,7.3,14.0,1.23
10/03/2024,13:00,Aston Villa,Tottenham,0,4,A,2.38,4.0,2.6,2.38,4.2,2.5,2.38,3.8,2.55,2.49,4.26,2.7,2.42
10/03/2024,14:00,Brighton,Nott'm Forest,1,0,H,1.8,4.0,4.0,1.75,4.0,4.2,1.75,3.75,4.2,1.84,4.21,4.5,1.78
10/03/2024,14:00,West Ham,Burnley,2,2,D,1.67,4.0,4.75,1.65,4.0,4.8,1.62,3.9,5.0,1.71,4.26,5.2,1.67
10/03/2024,15:45,Liverpool,Man City,1,1,D,3.0,3.75,2.2,2.9,3.8,2.2,2.88,3.7,2.2,3.15,4.0,2.34,2.95
11/03/2024,20:00,Chelsea,Newcastle,3,2,H,1.91,4.0,3.6,1.85,4.2,3.5,1.9,3.8,3.5,1.98,4.26,3.7,1.94
13/03/2024,19:30,Bournemouth,Luton,4,3,H,1.5,4.75,5.75,1.44,4.8,5.8,1.45,4.6,6.0,1.55,4.98,6.4,1.5
16/03/2024,15:00,Burnley,Brentford,2,1,H,3.25,3.6,2.15,3.2,3.7,2.1,3.25,3.5,2.1,3.41,3.8,2.21,3.27
16/03/2024,15:00,Luton,Nott'm Forest,1,1,D,2.8,3.5,2.45,2.75,3.7,2.38,2.8,3.5,2.3,2.95,3.8,2.47,2.81
16/03/2024,17:30,Fulham,Tottenham,3,0,H,3.5,3.8,1.95,3.4,4.0,1.95,3.4,3.75,1.95,3.54,4.16,2.08,3.4
17/03/2024,14:00,West Ham,Aston Villa,1,1,D,2.63,3.75,2.45,2.6,3.75,2.45,2.6,3.5,2.45,2.75,3.92,2.58,2.65
30/03/2024,12:30,Newcastle,West Ham,4,3,H,1.83,4.2,3.8,1.8,4.0,3.9,1.8,3.9,3.8,1.9,4.33,4.11,1.84
30/03/2024,15:00,Bournemouth,Everton,2,1,H,2.2,3.6,3.2,2.1,3.7,3.2,2.1,3.5,3.2,2.25,3.8,3.36,2.2
30/03/2024,15:00,Chelsea,Burnley,2,2,D,1.29,6.0,9.5,1.29,5.8,9.5,1.25,5.75,10.0,1.34,6.3,10.5,1.3
30/03/2024,15:00,Nott'm Forest,Crystal Palace,1,1,D,2.2,3.3,3.4,2.2,3.4,3.25,2.2,3.2,3.25,2.32,3.5,3.4,2.26
30/03/2024,15:00,Sheffield United,Fulham,3,3,D,4.5,4.0,1.73,4.6,4.0,1.7,4.75,3.8,1.67,4.9,4.26,1.76,4.64
30/03/2024,15:00,Tottenham,Luton,2,1,H,1.2,8.0,11.0,1.2,7.5,11.0,1.18,7.0,11.5,1.26,8.1,12.5,1.22
30/03/2024,17:30,Aston Villa,Wolves,2,0,H,1.6,4.33,5.0,1.62,4.33,4.75,1.6,4.0,5.0,1.68,4.6,5.08,1.64
30/03/2024,20:00,Brentford,Man United,1,1,D,3.0,3.8,2.2,3.0,3.8,2.15,3.0,3.6,2.15,3.25,3.99,2.24,3.06
31/03/2024,14:00,Liverpool,Brighton,2,1,H,1.36,5.5,7.5,1.36,5.5,7.0,1.33,5.25,7.5,1.42,6.0,7.8,1.37
31/03/2024,16:30,Man City,Arsenal,0,0,D,1.91,3.8,3.8,1.91,3.8,3.7,1.85,3.6,3.9,1.97,3.97,4.01,1.92
02/04/2024,19:30,Newcastle,Everton,1,1,D,2.0,3.75,3.5,2.0,3.9,3.4,2.0,3.7,3.6,2.05,3.95,3.7,2.01
02/04/2024,19:30,Nott'm Forest,Fulham,3,1,H,2.7,3.4,2.63,2.7,3.5,2.62,2.7,3.4,2.6,2.78,3.68,2.7,2.71
02/04/2024,19:45,Bournemouth,Crystal Palace,1,0,H,1.95,3.8,3.6,2.0,3.75,3.6,1.95,3.7,3.75,2.04,3.9,3.9,1.99
02/04/2024,19:45,Burnley,Wolves,1,1,D,2.45,3.6,2.75,2.5,3.5,2.7,2.55,3.4,2.75,2.63,3.68,2.86,2.53
02/04/2024,20:15,West Ham,Tottenham,1,1,D,3.3,4.2,1.95,3.1,4.2,2.0,3.3,4.0,2.0,3.5,4.37,2.05,3.3
03/04/2024,19:30,Arsenal,Luton,2,0,H,1.1,10.0,19.0,1.08,11.0,21.0,1.07,10.0,23.0,1.12,13.0,32.0,1.1
03/04/2024,19:30,Brentford,Brighton,0,0,D,2.38,3.8,2.75,2.38,3.8,2.7,2.38,3.6,2.7,2.48,3.94,2.88,2.39
03/04/2024,20:15,Man City,Aston Villa,4,1,H,1.3,6.0,8.0,1.29,5.8,9.0,1.29,5.5,9.5,1.34,6.5,10.0,1.3
04/04/2024,19:30,Liverpool,Sheffield United,3,1,H,1.09,12.0,21.0,1.06,13.0,23.0,1.06,11.0,23.0,1.1,15.0,36.0,1.08
04/04/2024,20:15,Chelsea,Man United,4,3,H,2.0,4.0,3.4,1.95,4.2,3.2,2.0,3.9,3.2,2.08,4.26,3.55,2.02
06/04/2024,12:30,Crystal Palace,Man City,2,4,A,9.5,5.25,1.33,10.0,5.5,1.29,11.0,5.5,1.29,11.0,5.9,1.34,10.3
06/04/2024,15:00,Aston Villa,Brentford,3,3,D,1.7,4.0,4.75,1.67,4.2,4.5,1.67,4.0,4.5,1.76,4.4,5.0,1.7
06/04/2024,15:00,Everton,Burnley,1,0,H,1.65,4.0,5.25,1.65,4.0,4.8,1.62,3.8,5.25,1.71,4.3,5.25,1.67
06/04/2024,15:00,Fulham,Newcastle,0,1,A,2.38,3.8,2.8,2.3,3.9,2.7,2.3,3.7,2.7,2.41,4.05,3.0,2.37
06/04/2024,15:00,Luton,Bournemouth,2,1,H,3.75,3.8,1.91,3.6,4.2,1.85,3.6,3.8,1.87,4.0,4.21,1.96,3.68
06/04/2024,15:00,Wolves,West Ham,1,2,A,2.5,3.6,2.7,2.4,3.6,2.7,2.45,3.4,2.7,2.58,3.72,2.82,2.51
06/04/2024,17:30,Brighton,Arsenal,0,3,A,5.0,4.33,1.62,5.0,4.2,1.6,5.25,4.0,1.57,5.5,4.45,1.69,5.15
07/04/2024,15:30,Man United,Liverpool,2,2,D,4.75,4.5,1.6,4.6,4.5,1.6,4.75,4.4,1.57,5.0,4.9,1.68,4.69
07/04/2024,17:30,Sheffield United,Chelsea,2,2,D,7.0,5.25,1.4,6.5,5.0,1.4,7.0,5.0,1.36,7.5,5.5,1.46,6.88
07/04/2024,18:00,Tottenham,Nott'm Forest,3,1,H,1.4,5.5,6.5,1.36,5.5,7.0,1.36,5.0,7.0,1.46,5.6,8.0,1.4
13/04/2024,12:30,Newcastle,Tottenham,4,0,H,2.7,4.0,2.3,2.7,4.0,2.3,2.75,4.0,2.3,2.9,4.26,2.38,2.75
13/04/2024,15:00,Brentford,Sheffield United,2,0,H,1.44,5.0,6.5,1.4,5.0,7.0,1.36,4.75,7.5,1.45,5.4,7.5,1.43
13/04/2024,15:00,Burnley,Brighton,1,1,D,3.5,3.75,2.0,3.4,3.9,1.95,3.5,3.6,1.95,3.62,3.93,2.08,3.5
13/04/2024,15:00,Man City,Luton,5,1,H,1.1,11.0,19.0,1.07,12.0,23.0,1.07,10.0,23.0,1.12,14.0,30.0,1.1
13/04/2024,15:00,Nott'm Forest,Wolves,2,2,D,2.1,3.4,3.5,2.1,3.6,3.25,2.1,3.4,3.3,2.25,3.74,3.53,2.16
13/04/2024,17:30,Bournemouth,Man United,2,2,D,2.4,3.9,2.6,2.38,4.0,2.6,2.38,3.75,2.63,2.49,4.09,2.82,2.42
14/04/2024,14:00,Liverpool,Crystal Palace,0,1,A,1.22,7.0,12.0,1.18,7.5,13.0,1.18,6.5,13.0,1.24,8.0,15.0,1.21
14/04/2024,14:00,West Ham,Fulham,0,2,A,2.38,3.6,2.8,2.3,3.7,2.8,2.3,3.5,2.8,2.42,3.85,2.96,2.38
14/04/2024,16:30,Arsenal,Aston Villa,0,2,A,1.29,5.75,10.0,1.25,6.0,10.0,1.25,5.5,10.5,1.31,6.5,11.0,1.28
15/04/2024,20:00,Chelsea,Everton,6,0,H,1.7,4.2,4.5,1.62,4.33,4.75,1.67,4.0,4.4,1.76,4.42,4.9,1.71
20/04/2024,15:00,Luton,Brentford,1,5,A,3.1,3.75,2.15,3.1,3.7,2.15,3.1,3.6,2.1,3.33,3.85,2.21,3.18
20/04/2024,15:00,Sheffield United,Burnley,1,4,A,2.75,3.6,2.45,2.7,3.6,2.4,2.7,3.5,2.4,2.88,3.74,2.55,2.76
20/04/2024,19:30,Wolves,Arsenal,0,2,A,8.5,4.5,1.4,8.0,5.0,1.35,8.0,4.6,1.36,8.5,5.3,1.44,8.05
21/04/2024,13:30,Everton,Nott'm Forest,2,0,H,2.05,3.5,3.6,2.0,3.6,3.5,2.0,3.4,3.6,2.12,3.74,3.85,2.07
21/04/2024,15:00,Aston Villa,Bournemouth,3,1,H,1.85,4.0,3.6,1.85,4.2,3.5,1.8,3.9,3.75,1.92,4.31,3.95,1.87
21/04/2024,15:00,Crystal Palace,West Ham,5,2,H,2.1,3.6,3.4,2.15,3.5,3.2,2.1,3.4,3.3,2.22,3.72,3.5,2.15
21/04/2024,16:30,Fulham,Liverpool,1,3,A,5.25,4.5,1.57,5.0,4.75,1.53,5.25,4.33,1.53,5.55,4.9,1.63,5.19
23/04/2024,20:00,Arsenal,Chelsea,5,0,H,1.44,5.0,6.0,1.5,4.8,7.5,1.4,5.0,7.5,1.52,5.2,7.5,1.45
24/04/2024,19:45,Wolves,Bournemouth,0,1,A,2.7,3.6,2.5,2.7,3.7,2.38,2.7,3.5,2.4,2.81,3.8,2.6,2.72
24/04/2024,20:00,Crystal Palace,Newcastle,2,0,H,2.75,3.6,2.4,2.75,3.7,2.38,2.7,3.5,2.38,2.85,3.85,2.51,2.76
24/04/2024,20:00,Everton,Liverpool,2,0,H,7.0,5.0,1.4,7.0,5.0,1.4,7.0,4.75,1.4,7.7,5.33,1.47,7.11
24/04/2024,20:00,Man United,Sheffield United,4,2,H,1.3,6.5,7.5,1.3,6.0,8.0,1.29,5.5,8.5,1.35,6.5,9.5,1.31
25/04/2024,20:00,Brighton,Man City,0,4,A,6.5,5.0,1.4,6.5,5.0,1.44,6.5,4.75,1.4,7.1,5.25,1.48,6.65
27/04/2024,12:30,West Ham,Liverpool,2,2,D,5.5,5.0,1.5,5.5,5.0,1.5,5.75,4.75,1.45,6.0,5.18,1.58,5.63
27/04/2024,15:00,Fulham,Crystal Palace,1,1,D,2.1,3.5,3.5,2.1,3.6,3.3,2.05,3.5,3.3,2.17,3.75,3.6,2.11
27/04/2024,15:00,Man United,Burnley,1,1,D,1.5,4.75,5.5,1.5,4.8,5.5,1.45,4.6,5.5,1.57,5.2,5.75,1.52
27/04/2024,15:00,Newcastle,Sheffield United,5,1,H,1.22,7.0,11.0,1.2,7.0,12.0,1.2,6.5,11.5,1.25,7.6,12.9,1.23
27/04/2024,15:00,Wolves,Luton,2,1,H,1.95,3.8,3.6,1.95,3.8,3.5,1.95,3.6,3.5,2.04,4.03,3.78,1.98
27/04/2024,17:30,Everton,Brentford,1,0,H,2.3,3.5,3.0,2.3,3.6,2.88,2.3,3.3,2.9,2.45,3.68,3.13,2.36
27/04/2024,20:00,Aston Villa,Chelsea,2,2,D,2.15,3.8,3.0,2.2,3.9,2.9,2.1,3.75,3.0,2.25,4.1,3.21,2.17
28/04/2024,14:00,Bournemouth,Brighton,3,0,H,2.25,3.8,2.9,2.2,3.9,2.88,2.2,3.7,2.88,2.32,4.01,3.05,2.26
28/04/2024,14:00,Tottenham,Arsenal,2,3,A,4.2,4.2,1.75,3.9,4.0,1.8,4.1,4.0,1.73,4.3,4.27,1.86,4.12
28/04/2024,16:30,Nott'm Forest,Man City,0,2,A,8.0,6.0,1.3,9.5,5.5,1.29,9.5,5.25,1.29,11.0,6.0,1.38,9.5
02/05/2024,19:30,Chelsea,Tottenham,2,0,H,2.15,3.8,3.0,2.15,4.0,2.9,2.15,4.0,2.8,2.25,4.36,3.05,2.2
03/05/2024,20:00,Luton,Everton,1,1,D,2.6,3.6,2.55,2.6,3.7,2.62,2.63,3.5,2.6,2.74,3.75,2.7,2.66
04/05/2024,12:30,Arsenal,Bournemouth,3,0,H,1.22,7.5,11.0,1.18,7.5,12.0,1.17,7.0,13.0,1.23,8.2,14.0,1.2
04/05/2024,15:00,Brentford,Fulham,0,0,D,2.1,3.8,3.2,2.05,3.8,3.2,2.05,3.6,3.2,2.17,3.95,3.34,2.12
04/05/2024,15:00,Burnley,Newcastle,1,4,A,3.4,4.0,1.95,3.4,4.0,1.95,3.3,3.8,1.95,3.5,4.16,2.07,3.38
04/05/2024,15:00,Sheffield United,Nott'm Forest,1,3,A,4.75,4.2,1.65,4.6,4.2,1.65,4.75,4.0,1.62,5.1,4.4,1.74,4.68
04/05/2024,17:30,Man City,Wolves,5,1,H,1.08,12.0,21.0,1.07,11.0,26.0,1.07,10.0,23.0,1.12,14.0,32.0,1.09
05/05/2024,14:00,Brighton,Aston Villa,1,0,H,2.75,3.75,2.45,2.62,3.9,2.38,2.63,3.7,2.38,2.78,4.03,2.51,2.72
05/05/2024,14:00,Chelsea,West Ham,5,0,H,1.65,4.5,4.5,1.65,4.5,4.4,1.6,4.33,4.6,1.7,4.75,5.0,1.65
05/05/2024,16:30,Liverpool,Tottenham,4,2,H,1.5,5.75,5.0,1.5,5.0,5.5,1.44,5.0,5.5,1.54,5.75,6.0,1.48
06/05/2024,20:00,Crystal Palace,Man United,4,0,H,2.38,3.75,2.8,2.3,3.9,2.7,2.3,3.6,2.75,2.42,3.99,2.89,2.38
11/05/2024,12:30,Fulham,Man City,0,4,A,13.0,7.0,1.2,12.0,7.0,1.22,13.0,7.0,1.2,14.0,7.5,1.26,12.3
11/05/2024,15:00,Bournemouth,Brentford,1,2,A,1.95,4.0,3.5,1.95,4.0,3.4,1.93,3.8,3.4,2.02,4.21,3.7,1.98
11/05/2024,15:00,Everton,Sheffield United,1,0,H,1.4,4.8,7.5,1.4,5.0,7.0,1.36,4.8,7.5,1.44,5.5,8.0,1.4
11/05/2024,15:00,Newcastle,Brighton,1,1,D,1.57,4.75,4.75,1.6,4.6,4.6,1.55,4.5,4.8,1.63,5.0,5.0,1.59
11/05/2024,15:00,Tottenham,Burnley,2,1,H,1.36,5.75,7.0,1.33,5.8,7.5,1.3,5.75,7.5,1.39,6.3,7.9,1.35
11/05/2024,15:00,West Ham,Luton,3,1,H,1.8,4.2,3.8,1.8,4.2,3.75,1.75,4.0,3.9,1.86,4.6,4.04,1.82
11/05/2024,15:00,Wolves,Crystal Palace,1,3,A,2.88,3.5,2.38,2.8,3.5,2.38,2.75,3.4,2.4,3.0,3.6,2.54,2.86
11/05/2024,17:30,Nott'm Forest,Chelsea,2,3,A,3.4,3.8,2.0,3.3,3.9,2.05,3.25,3.75,2.0,3.6,4.21,2.08,3.39
12/05/2024,16:30,Man United,Arsenal,0,1,A,7.0,5.5,1.36,7.0,5.5,1.36,7.5,5.25,1.33,7.5,5.8,1.43,7.08
13/05/2024,20:00,Aston Villa,Liverpool,3,3,D,4.2,4.33,1.7,4.0,4.5,1.7,4.1,4.33,1.67,4.4,4.75,1.77,4.15
14/05/2024,20:00,Tottenham,Man City,0,2,A,6.5,6.0,1.36,7.0,5.5,1.4,7.5,5.5,1.36,7.5,6.5,1.41,6.94
15/05/2024,19:45,Brighton,Chelsea,1,2,A,3.3,4.0,1.95,3.3,4.2,1.95,3.25,3.9,1.95,3.52,4.21,2.05,3.37
15/05/2024,20:00,Man United,Newcastle,3,2,H,2.75,4.0,2.3,2.6,4.2,2.3,2.63,3.9,2.3,2.85,4.26,2.4,2.73
19/05/2024,16:00,Arsenal,Everton,2,1,H,1.18,8.0,12.0,1.15,8.0,15.0,1.14,7.5,15.0,1.19,8.9,17.0,1.17
19/05/2024,16:00,Brentford,Newcastle,2,4,A,2.9,3.9,2.2,2.88,4.0,2.15,2.88,3.8,2.15,3.04,4.2,2.28,2.94
19/05/2024,16:00,Brighton,Man United,0,2,A,2.15,4.0,2.9,2.15,4.2,2.8,2.1,4.0,2.88,2.24,4.37,3.0,2.17
19/05/2024,16:00,Burnley,Nott'm Forest,1,2,A,3.0,3.5,2.3,2.88,3.7,2.25,2.8,3.7,2.25,3.0,3.9,2.37,2.9
19/05/2024,16:00,Chelsea,Bournemouth,2,1,H,1.45,5.0,6.0,1.44,5.0,5.8,1.4,5.25,6.0,1.49,5.75,6.5,1.45
19/05/2024,16:00,Crystal Palace,Aston Villa,5,0,H,1.85,4.33,3.6,1.85,4.2,3.5,1.8,4.0,3.7,1.93,4.5,3.84,1.87
19/05/2024,16:00,Liverpool,Wolves,2,0,H,1.17,8.0,15.0,1.14,8.5,15.0,1.13,8.0,15.0,1.18,10.0,17.0,1.16
19/05/2024,16:00,Luton,Fulham,2,4,A,2.9,3.9,2.2,2.8,4.0,2.2,2.88,3.75,2.2,3.0,4.35,2.3,2.92
19/05/2024,16:00,Man City,West Ham,3,1,H,1.08,12.0,21.0,1.07,12.0,21.0,1.07,10.5,22.0,1.11,14.0,25.0,1.1
19/05/2024,16:00,Sheffield United,Tottenham,0,3,A,7.0,6.0,1.33,7.5,6.0,1.3,7.5,5.75,1.3,7.9,6.34,1.39,7.32
